{
  "project_info": {
    "project_number": "732059074032",
    "project_id": "rpsgame-593ad",
    "storage_bucket": "rpsgame-593ad.appspot.com"
  },
  "client": [
    {
      "client_info": {
        "mobilesdk_app_id": "1:732059074032:android:4fe8991e703645e9cfb135",
        "android_client_info": {
          "package_name": "com.example.rpsgame"
        }
      },
      "oauth_client": [
        {
          "client_id": "732059074032-pv6j2qa27smrvq93b3mmgedr7kel3dd4.apps.googleusercontent.com",
          "client_type": 1,
          "android_info": {
            "package_name": "com.example.rpsgame",
            "certificate_hash": "299fdaa926fab6ec18e031e6a64dd0eab5cb29cc"
          }
        },
        {
          "client_id": "732059074032-3qeb540rhq4bukfm9a949hvpt7ur87n4.apps.googleusercontent.com",
          "client_type": 3
        }
      ],
      "api_key": [
        {
          "current_key": "AIzaSyDaSMm-rRhs6jByzSDZDuxASOjdNe5pI3U"
        }
      ],
      "services": {
        "appinvite_service": {
          "other_platform_oauth_client": [
            {
              "client_id": "732059074032-3qeb540rhq4bukfm9a949hvpt7ur87n4.apps.googleusercontent.com",
              "client_type": 3
            }
          ]
        }
      }
    }
  ],
  "configuration_version": "1"
}